user_name,song_id,date_of_play
Saurabhlucifer,119,05-10-2022
Ajaysingh_1,77,30-01-2021
Rahul8865,177,04-02-2021
Ajaysingh_1,109,10-06-2021
Ankita_dust,24,09-08-2022
Renukaengg,265,05-03-2022
Renukaengg,265,22-06-2021
Ankita_dust,133,17-07-2022
Rahul8865,122,01-02-2021
Pritam1026,212,23-05-2021
Rahul8865,157,23-07-2021
Juhipreet,280,07-09-2021
Juhipreet,143,19-06-2022
Pritam1026,283,16-01-2021
Ankita_dust,15,26-07-2021
Ronakstarboy,227,15-07-2021
Renukaengg,112,11-03-2022
Ronakstarboy,92,19-06-2022
Ankita_dust,257,10-11-2022
Ankita_dust,271,20-10-2022
Amit6545,228,21-12-2021
Pritam1026,115,27-09-2021
Deepaktufan,123,22-07-2021
Juhipreet,93,10-01-2021
Rahul8865,82,07-01-2022
Renukaengg,240,01-10-2022
Ankita_dust,215,21-10-2021
Amit6545,233,09-03-2021
Ronakstarboy,72,20-06-2021
Deepaktufan,149,16-12-2021
Juhipreet,238,08-08-2021
Saurabhlucifer,206,10-09-2021
Pritam1026,126,31-08-2021
Pritam1026,240,25-05-2021
Ankita_dust,215,12-10-2021
Saurabhlucifer,160,21-06-2022
Ajaysingh_1,18,10-12-2021
Renukaengg,67,07-03-2022
Ronakstarboy,142,15-01-2022
Pritam1026,69,16-06-2021
Ronakstarboy,269,08-02-2021
Ajaysingh_1,207,18-10-2021
Deepaktufan,240,30-01-2022
Ajaysingh_1,238,13-06-2021
Amit6545,173,26-08-2021
Rahul8865,50,14-08-2022
Rahul8865,64,25-09-2022
Ankita_dust,109,30-07-2022
Pritam1026,289,28-08-2021
Ronakstarboy,45,06-09-2022
Saurabhlucifer,164,08-11-2021
Juhipreet,293,10-06-2022
Amit6545,3,12-08-2021
Rahul8865,257,26-04-2021
Deepaktufan,137,01-06-2022
Rahul8865,27,22-10-2021
Pritam1026,47,16-02-2021
Rahul8865,256,16-03-2022
Deepaktufan,5,06-06-2021
Renukaengg,105,21-08-2021
Ankita_dust,28,09-09-2021
Saurabhlucifer,115,25-06-2022
Ajaysingh_1,226,31-01-2021
Juhipreet,1,24-04-2021
Saurabhlucifer,262,28-05-2022
Deepaktufan,287,07-02-2021
Pritam1026,297,16-10-2022
Pritam1026,99,24-07-2022
Saurabhlucifer,138,24-01-2022
Ronakstarboy,198,27-02-2022
Saurabhlucifer,27,24-01-2021
Juhipreet,148,10-06-2022
Saurabhlucifer,186,29-01-2022
Ajaysingh_1,7,27-06-2022
Juhipreet,144,25-01-2021
Deepaktufan,151,29-05-2021
Ronakstarboy,189,16-04-2022
Pritam1026,73,18-08-2022
Ankita_dust,154,12-04-2021
Ronakstarboy,95,16-04-2022
Renukaengg,54,05-08-2021
Ajaysingh_1,116,03-11-2021
Ronakstarboy,178,14-08-2021
Pritam1026,212,14-06-2022
Amit6545,86,28-10-2022
Deepaktufan,82,26-08-2021
Pritam1026,20,09-05-2021
Ronakstarboy,162,12-10-2022
Ajaysingh_1,291,12-06-2021
Deepaktufan,184,29-08-2021
Ronakstarboy,85,17-05-2021
Ajaysingh_1,232,15-11-2021
Pritam1026,9,05-04-2021
Pritam1026,103,27-12-2021
Renukaengg,122,26-02-2022
Ronakstarboy,82,22-04-2022
Ankita_dust,204,22-08-2022
Saurabhlucifer,51,07-10-2021
Pritam1026,53,07-11-2021
Ajaysingh_1,271,13-08-2021
Renukaengg,294,02-08-2021
Deepaktufan,255,06-06-2022
Juhipreet,93,25-12-2021
Deepaktufan,135,28-07-2021
Ronakstarboy,87,24-10-2021
Ajaysingh_1,149,06-01-2021
Pritam1026,293,02-03-2021
Rahul8865,165,28-06-2021
Ankita_dust,53,11-07-2021
Ronakstarboy,18,08-07-2021
Ankita_dust,88,05-08-2022
Ankita_dust,160,19-07-2022
Ajaysingh_1,143,14-06-2022
Saurabhlucifer,100,02-05-2021
Deepaktufan,263,26-03-2022
Deepaktufan,221,27-12-2021
Amit6545,116,01-02-2022
Ajaysingh_1,244,29-06-2021
Juhipreet,13,28-04-2022
Saurabhlucifer,172,23-05-2021
Rahul8865,281,17-04-2021
Juhipreet,28,18-07-2021
Renukaengg,32,18-04-2022
Pritam1026,42,23-11-2022
Ronakstarboy,165,24-11-2022
Renukaengg,74,28-06-2021
Amit6545,240,24-12-2021
Juhipreet,149,07-10-2021
Rahul8865,145,13-01-2022
Renukaengg,111,01-11-2021
Renukaengg,191,18-04-2022
Renukaengg,224,09-10-2021
Pritam1026,4,25-11-2022
Ronakstarboy,183,18-04-2021
Amit6545,174,26-12-2021
Pritam1026,158,20-04-2021
Renukaengg,154,20-08-2021
Deepaktufan,66,16-04-2022
Ronakstarboy,292,28-01-2022
Ronakstarboy,230,26-11-2022
Saurabhlucifer,78,17-04-2022
Ronakstarboy,199,08-02-2022
Amit6545,175,13-06-2022
Rahul8865,96,15-11-2022
Saurabhlucifer,102,20-09-2021
Amit6545,16,16-01-2022
Ronakstarboy,255,09-03-2021
Ronakstarboy,134,24-07-2022
Juhipreet,208,29-06-2022
Ronakstarboy,221,01-09-2021
Ajaysingh_1,187,09-09-2022
Ajaysingh_1,82,24-12-2021
Ronakstarboy,64,13-03-2021
Ajaysingh_1,193,18-12-2021
Pritam1026,194,09-02-2021
Deepaktufan,53,17-04-2021
Pritam1026,24,21-07-2021
Ronakstarboy,130,01-12-2021
Ronakstarboy,18,20-05-2021
Ajaysingh_1,72,22-04-2021
Pritam1026,227,13-08-2021
Ajaysingh_1,233,02-04-2021
Ronakstarboy,37,26-09-2021
Renukaengg,228,02-04-2022
Ajaysingh_1,107,14-03-2021
Ankita_dust,53,16-02-2022
Ankita_dust,108,05-02-2021
Ankita_dust,300,08-05-2022
Ajaysingh_1,72,27-03-2021
Juhipreet,202,19-07-2022
Ajaysingh_1,100,23-05-2021
Renukaengg,296,16-12-2021
Ankita_dust,107,16-03-2021
Ajaysingh_1,270,19-01-2022
Pritam1026,216,23-04-2022
Amit6545,35,16-02-2022
Deepaktufan,265,11-10-2022
Ajaysingh_1,154,12-01-2022
Pritam1026,192,19-08-2022
Saurabhlucifer,114,06-02-2022
Amit6545,80,20-09-2021
Juhipreet,14,16-04-2022
Renukaengg,30,21-05-2021
Amit6545,293,02-01-2022
Rahul8865,270,15-02-2022
Ajaysingh_1,149,13-06-2021
Juhipreet,297,15-12-2021
Renukaengg,127,18-09-2022
Ajaysingh_1,152,18-02-2021
Juhipreet,167,04-04-2021
Juhipreet,256,22-05-2021
Amit6545,16,01-10-2021
Saurabhlucifer,282,25-12-2021
Deepaktufan,291,02-05-2021
Juhipreet,154,20-11-2022
Pritam1026,125,23-08-2022
Ajaysingh_1,144,28-02-2021
Pritam1026,124,19-04-2021
Amit6545,181,13-03-2021
Ankita_dust,247,23-04-2021
Rahul8865,61,06-06-2021
Deepaktufan,5,20-06-2021
Ronakstarboy,297,18-09-2021
Deepaktufan,247,08-04-2021
Renukaengg,123,25-12-2021
Rahul8865,26,18-06-2021
Ajaysingh_1,165,09-11-2022
Ankita_dust,226,05-10-2022
Amit6545,69,11-09-2021
Juhipreet,149,18-07-2021
Ajaysingh_1,255,06-11-2021
Rahul8865,276,29-11-2021
Pritam1026,227,29-11-2022
Ankita_dust,73,08-10-2022
Pritam1026,218,10-01-2021
Deepaktufan,289,17-07-2022
Ronakstarboy,271,04-02-2021
Deepaktufan,270,09-04-2021
Rahul8865,258,02-03-2022
Juhipreet,117,31-12-2021
Ankita_dust,38,14-01-2022
Rahul8865,19,27-04-2021
Ronakstarboy,158,03-07-2021
Ankita_dust,45,24-01-2022
Deepaktufan,192,07-02-2021
Ronakstarboy,117,26-01-2021
Deepaktufan,40,26-09-2021
Rahul8865,28,24-09-2021
Pritam1026,283,03-05-2022
Saurabhlucifer,199,22-01-2022
Pritam1026,47,04-03-2022
Renukaengg,109,17-08-2022
Juhipreet,147,23-01-2021
Ronakstarboy,22,22-05-2021
Rahul8865,207,25-12-2021
Saurabhlucifer,97,06-06-2021
Rahul8865,226,30-11-2022
Pritam1026,277,29-10-2021
Renukaengg,48,14-03-2022
Ronakstarboy,8,28-03-2022
Ajaysingh_1,118,05-09-2022
Renukaengg,274,15-02-2021
Amit6545,184,06-08-2022
Deepaktufan,75,30-05-2021
Deepaktufan,142,15-01-2022
Saurabhlucifer,231,17-10-2021
Ajaysingh_1,202,08-04-2022
Saurabhlucifer,23,09-04-2021
Renukaengg,58,06-10-2021
Juhipreet,258,16-07-2022
Deepaktufan,135,28-04-2021
Juhipreet,9,25-05-2021
Juhipreet,125,18-07-2021
Rahul8865,73,25-02-2021
Rahul8865,146,06-04-2021
Saurabhlucifer,168,17-10-2021
Ronakstarboy,292,03-07-2022
Deepaktufan,129,02-03-2022
Juhipreet,226,15-04-2022
Rahul8865,200,03-03-2022
Ronakstarboy,233,29-05-2021
Deepaktufan,116,08-08-2021
Deepaktufan,62,06-08-2022
Amit6545,213,16-01-2022
Amit6545,70,07-07-2021
Rahul8865,120,02-08-2021
Rahul8865,44,12-09-2021
Renukaengg,141,29-01-2022
Pritam1026,202,18-09-2021
Ronakstarboy,46,22-03-2021
Juhipreet,26,27-08-2021
Renukaengg,299,11-07-2022
Saurabhlucifer,176,06-04-2022
Juhipreet,29,07-06-2021
Renukaengg,130,12-05-2022
Ajaysingh_1,185,15-01-2022
Rahul8865,193,19-08-2022
Rahul8865,82,27-08-2021
Saurabhlucifer,60,18-10-2022
Juhipreet,172,07-09-2022
Renukaengg,236,05-04-2021
Ankita_dust,176,30-07-2022
Ankita_dust,195,11-12-2021
Amit6545,161,24-07-2021
Saurabhlucifer,272,30-11-2022
Deepaktufan,187,15-06-2022
Ronakstarboy,164,25-06-2021
Renukaengg,96,02-02-2022
Ronakstarboy,22,10-02-2021
Juhipreet,47,08-02-2022
Renukaengg,262,10-10-2021
Juhipreet,261,04-01-2021
Juhipreet,73,06-06-2021
Ronakstarboy,146,22-10-2022
Ankita_dust,293,10-02-2021
Ajaysingh_1,272,05-05-2021
Rahul8865,59,18-11-2021
Rahul8865,12,29-09-2021
Pritam1026,116,01-07-2022
Saurabhlucifer,159,30-09-2022
Renukaengg,149,05-05-2021
Juhipreet,256,23-03-2022
Pritam1026,138,31-05-2021
Ajaysingh_1,103,20-09-2022
Rahul8865,114,02-08-2021
Saurabhlucifer,69,16-06-2021
Ronakstarboy,19,18-02-2022
Ronakstarboy,59,28-08-2021
Rahul8865,146,18-02-2021
Amit6545,74,08-06-2021
Saurabhlucifer,258,25-08-2021
Rahul8865,54,19-10-2022
Ankita_dust,194,08-02-2021
Ankita_dust,54,09-02-2021
Ronakstarboy,219,12-09-2022
Pritam1026,119,01-06-2022
Ankita_dust,144,26-05-2021
Juhipreet,229,31-05-2021
Saurabhlucifer,59,24-01-2021
Renukaengg,223,05-10-2022
Deepaktufan,85,09-07-2021
Saurabhlucifer,4,06-06-2022
Renukaengg,231,02-08-2022
Amit6545,195,20-03-2022
Ronakstarboy,180,08-08-2021
Amit6545,63,11-09-2022
Ronakstarboy,141,14-05-2021
Ronakstarboy,259,15-11-2022
Rahul8865,58,21-10-2022
Ajaysingh_1,157,16-01-2022
Juhipreet,100,07-09-2022
Amit6545,103,28-09-2021
Renukaengg,238,18-11-2021
Ankita_dust,122,02-08-2022
Amit6545,159,15-02-2022
Renukaengg,19,23-04-2021
Ankita_dust,260,28-06-2022
Ajaysingh_1,66,29-09-2021
Pritam1026,239,13-10-2021
Saurabhlucifer,193,23-01-2021
Juhipreet,296,25-01-2022
Ajaysingh_1,231,10-09-2022
Juhipreet,228,18-05-2021
Amit6545,64,30-08-2022
Ajaysingh_1,122,06-10-2021
Ankita_dust,87,14-09-2021
Ronakstarboy,205,14-02-2021
Pritam1026,241,07-06-2022
Renukaengg,204,30-04-2021
Ajaysingh_1,75,15-01-2022
Ronakstarboy,241,20-02-2021
Pritam1026,5,28-01-2022
Ankita_dust,88,27-09-2021
Ankita_dust,66,19-06-2021
Amit6545,216,27-07-2021
Ajaysingh_1,122,17-01-2022
Amit6545,64,12-07-2022
Deepaktufan,235,30-11-2021
Juhipreet,261,04-07-2022
Pritam1026,147,19-02-2021
Saurabhlucifer,261,23-01-2022
Pritam1026,26,16-09-2022
Deepaktufan,110,30-06-2021
Ronakstarboy,292,10-10-2021
Ronakstarboy,248,24-02-2022
Saurabhlucifer,65,09-10-2022
Deepaktufan,10,12-05-2021
Ajaysingh_1,284,12-09-2022
Deepaktufan,243,05-09-2022
Pritam1026,180,11-02-2021
Ronakstarboy,12,10-03-2022
Juhipreet,254,08-04-2022
Pritam1026,243,12-11-2022
Rahul8865,54,05-03-2022
Pritam1026,85,24-11-2022
Pritam1026,56,08-02-2021
Deepaktufan,253,12-01-2021
Saurabhlucifer,40,05-09-2021
Juhipreet,25,01-09-2022
Saurabhlucifer,289,24-08-2021
Rahul8865,68,14-10-2022
Deepaktufan,135,05-04-2021
Ankita_dust,218,11-10-2022
Rahul8865,194,20-08-2021
Saurabhlucifer,60,27-03-2022
Renukaengg,212,20-12-2021
Ankita_dust,246,20-11-2022
Renukaengg,191,02-04-2021
Deepaktufan,248,12-06-2022
Amit6545,209,22-05-2021
Rahul8865,103,11-01-2021
Amit6545,153,08-04-2022
Saurabhlucifer,232,27-12-2021
Rahul8865,255,01-10-2021
Renukaengg,209,21-10-2022
Renukaengg,129,27-06-2021
Juhipreet,130,28-01-2021
Deepaktufan,4,25-08-2021
Rahul8865,40,07-05-2021
Pritam1026,255,18-06-2022
Renukaengg,241,29-06-2022
Amit6545,14,04-03-2021
Ronakstarboy,45,07-06-2021
Ajaysingh_1,10,28-06-2021
Renukaengg,298,08-04-2021
Ankita_dust,85,19-03-2022
Amit6545,289,24-03-2022
Amit6545,149,03-10-2021
Rahul8865,90,08-03-2021
Deepaktufan,119,16-09-2021
Deepaktufan,65,23-05-2021
Ronakstarboy,184,31-07-2021
Ajaysingh_1,187,25-11-2021
Ajaysingh_1,268,16-11-2021
Juhipreet,174,27-07-2022
Pritam1026,178,29-06-2022
Ajaysingh_1,117,15-01-2022
Pritam1026,64,06-03-2022
Saurabhlucifer,120,17-01-2021
Renukaengg,216,15-11-2022
Ajaysingh_1,42,15-08-2022
Renukaengg,42,01-11-2022
Deepaktufan,171,20-02-2021
Renukaengg,81,28-05-2021
Rahul8865,297,04-12-2021
Juhipreet,15,30-12-2021
Juhipreet,141,14-02-2021
Renukaengg,176,20-03-2022
Juhipreet,57,04-04-2021
Saurabhlucifer,185,11-12-2021
Saurabhlucifer,191,26-07-2022
Juhipreet,43,20-04-2021
Saurabhlucifer,123,30-09-2021
Juhipreet,108,22-04-2021
Ankita_dust,11,26-01-2021
Pritam1026,120,14-03-2021
Pritam1026,262,07-03-2022
Juhipreet,17,26-01-2022
Rahul8865,179,04-03-2021
Ajaysingh_1,279,12-06-2022
Amit6545,245,03-05-2022
Ronakstarboy,71,13-04-2022
Renukaengg,90,09-05-2022
Saurabhlucifer,103,01-05-2021
Ajaysingh_1,208,24-11-2022
Rahul8865,148,31-10-2021
Pritam1026,112,31-08-2021
Deepaktufan,249,07-06-2022
Juhipreet,113,20-12-2021
Juhipreet,272,24-09-2021
Ronakstarboy,108,13-05-2021
Deepaktufan,296,23-06-2021
Renukaengg,204,22-07-2021
Saurabhlucifer,180,16-04-2021
Ankita_dust,223,28-04-2022
Pritam1026,132,21-02-2021
Ankita_dust,108,30-07-2021
Renukaengg,136,28-01-2022
Juhipreet,99,17-01-2022
Juhipreet,137,07-11-2021
Juhipreet,7,14-01-2021
Rahul8865,238,03-12-2022
Rahul8865,113,31-08-2022
Juhipreet,14,15-06-2021
Pritam1026,154,21-07-2022
Renukaengg,142,29-06-2022
Saurabhlucifer,273,17-06-2021
Pritam1026,122,19-10-2022
Juhipreet,2,17-10-2022
Rahul8865,152,30-10-2022
Ajaysingh_1,164,27-09-2022
Pritam1026,269,19-01-2022
Amit6545,63,10-08-2022
Amit6545,289,15-12-2021
Ankita_dust,169,24-08-2021
Rahul8865,193,17-05-2022
Renukaengg,109,01-02-2022
Pritam1026,26,19-04-2021
Saurabhlucifer,126,21-05-2021
Juhipreet,40,16-09-2022
Rahul8865,265,16-07-2021
Rahul8865,38,02-03-2022
Ajaysingh_1,297,07-03-2022
Renukaengg,121,27-05-2022
Renukaengg,15,17-10-2021
Renukaengg,167,25-08-2022
Ankita_dust,84,23-06-2021
Juhipreet,153,19-02-2021
Juhipreet,239,09-08-2022
Pritam1026,133,04-01-2021
Ronakstarboy,27,26-05-2022
Ajaysingh_1,111,13-01-2021
Ajaysingh_1,249,01-10-2021
Rahul8865,31,08-05-2021
Juhipreet,55,19-01-2021
Ronakstarboy,172,22-07-2021
Rahul8865,45,15-02-2022
Ankita_dust,101,19-11-2022
Ajaysingh_1,22,06-05-2021
Juhipreet,130,22-06-2022
Amit6545,250,26-02-2022
Ankita_dust,98,05-09-2022
Amit6545,222,29-10-2022
Ankita_dust,287,28-10-2021
Ankita_dust,16,01-09-2021
Pritam1026,172,08-05-2021
Deepaktufan,38,12-06-2022
Saurabhlucifer,182,22-02-2022
Juhipreet,193,23-06-2021
Ankita_dust,127,23-01-2022
Juhipreet,246,06-05-2021
Ajaysingh_1,48,01-05-2021
Amit6545,186,03-04-2022
Renukaengg,132,03-02-2021
Rahul8865,220,26-01-2022
Ajaysingh_1,198,29-05-2022
Amit6545,173,16-08-2022
Renukaengg,243,31-08-2022
Deepaktufan,112,05-10-2022
Ankita_dust,245,23-09-2021
Saurabhlucifer,224,27-07-2022
Ankita_dust,219,05-10-2021
Saurabhlucifer,24,27-01-2022
Renukaengg,39,17-08-2022
Pritam1026,136,31-07-2021
Ankita_dust,175,13-04-2021
Saurabhlucifer,294,30-07-2022
Amit6545,177,27-04-2021
Pritam1026,75,17-05-2021
Deepaktufan,83,01-08-2021
Saurabhlucifer,60,31-07-2021
Ajaysingh_1,141,16-05-2021
Ronakstarboy,155,23-04-2022
Deepaktufan,124,09-08-2022
Deepaktufan,125,06-03-2021
Juhipreet,257,08-07-2022
Amit6545,254,11-11-2021
Juhipreet,8,08-08-2021
Ajaysingh_1,39,11-09-2022
Saurabhlucifer,92,05-05-2022
Rahul8865,252,02-08-2022
Ronakstarboy,293,02-07-2022
Ankita_dust,174,18-07-2022
Renukaengg,272,09-05-2022
Amit6545,87,14-09-2021
Rahul8865,70,31-05-2021
Pritam1026,158,24-10-2021
Juhipreet,144,09-02-2021
Pritam1026,279,26-07-2021
Juhipreet,38,10-05-2022
Pritam1026,151,09-04-2021
Saurabhlucifer,255,17-05-2021
Saurabhlucifer,34,12-03-2021
Deepaktufan,144,03-04-2022
Amit6545,230,07-10-2022
Ronakstarboy,271,18-12-2021
Renukaengg,107,18-11-2022
Deepaktufan,56,04-08-2022
Ronakstarboy,90,01-08-2022
Rahul8865,38,21-01-2022
Saurabhlucifer,300,11-02-2022
Ajaysingh_1,166,08-11-2022
Ankita_dust,133,01-03-2021
Saurabhlucifer,231,06-08-2021
Amit6545,58,01-10-2022
Amit6545,49,15-09-2022
Rahul8865,48,18-01-2021
Ankita_dust,240,27-11-2022
Rahul8865,90,13-04-2021
Saurabhlucifer,34,13-10-2022
Juhipreet,73,17-05-2022
Ankita_dust,158,19-11-2021
Ajaysingh_1,145,28-06-2022
Saurabhlucifer,4,08-10-2022
Renukaengg,66,19-01-2021
Renukaengg,152,11-10-2021
Ajaysingh_1,197,16-05-2021
Pritam1026,206,27-04-2021
Ajaysingh_1,263,23-02-2022
Renukaengg,56,04-12-2021
Pritam1026,33,30-10-2021
Rahul8865,8,19-01-2022
Saurabhlucifer,141,04-06-2021
Rahul8865,114,06-09-2021
Pritam1026,174,28-02-2021
Deepaktufan,22,29-07-2021
Ajaysingh_1,170,25-02-2021
Amit6545,297,19-12-2021
Renukaengg,55,31-12-2021
Ajaysingh_1,13,11-11-2022
Amit6545,245,05-01-2022
Saurabhlucifer,133,17-02-2021
Rahul8865,219,30-01-2022
Rahul8865,182,12-07-2021
Ankita_dust,191,14-05-2022
Renukaengg,17,19-07-2021
Pritam1026,21,12-02-2022
Deepaktufan,169,24-09-2022
Deepaktufan,169,29-09-2022
Juhipreet,275,09-05-2021
Pritam1026,26,17-07-2021
Ankita_dust,282,29-04-2022
Ankita_dust,137,23-01-2022
Deepaktufan,267,11-07-2022
Ankita_dust,217,02-10-2022
Saurabhlucifer,272,09-05-2022
Ronakstarboy,256,08-02-2022
Juhipreet,18,22-10-2021
Ankita_dust,280,14-09-2021
Ajaysingh_1,300,14-08-2022
Amit6545,238,10-10-2022
Ronakstarboy,278,28-08-2021
Ankita_dust,8,18-06-2022
Ankita_dust,263,23-02-2022
Ankita_dust,82,31-10-2021
Pritam1026,265,05-03-2021
Deepaktufan,245,25-02-2022
Ronakstarboy,115,16-07-2022
Ronakstarboy,246,03-11-2022
Amit6545,178,07-03-2021
Ankita_dust,286,30-12-2021
Pritam1026,274,21-04-2021
Ronakstarboy,124,24-03-2022
Renukaengg,279,20-07-2022
Rahul8865,189,25-01-2022
Amit6545,10,26-07-2021
Deepaktufan,82,27-11-2021
Renukaengg,287,26-11-2021
Saurabhlucifer,222,30-04-2022
Pritam1026,288,16-02-2021
Ajaysingh_1,23,23-07-2022
Saurabhlucifer,42,24-11-2022
Juhipreet,87,31-10-2022
Renukaengg,243,01-02-2022
Juhipreet,76,27-08-2021
Renukaengg,157,21-12-2021
Renukaengg,139,16-04-2021
Saurabhlucifer,292,23-03-2022
Juhipreet,28,10-04-2021
Amit6545,11,07-04-2022
Ajaysingh_1,113,29-06-2022
Saurabhlucifer,131,21-07-2022
Saurabhlucifer,298,03-09-2022
Ankita_dust,209,08-09-2022
Pritam1026,128,06-04-2022
Amit6545,117,28-01-2022
Deepaktufan,168,09-06-2021
Rahul8865,157,11-01-2022
Ronakstarboy,222,03-04-2021
Deepaktufan,138,01-07-2022
Rahul8865,166,16-01-2021
Renukaengg,173,10-07-2022
Amit6545,21,23-07-2021
Deepaktufan,255,27-11-2022
Juhipreet,139,01-03-2022
Ajaysingh_1,115,09-07-2021
Amit6545,14,02-08-2021
Renukaengg,211,14-05-2022
Amit6545,94,15-08-2021
Juhipreet,273,28-09-2022
Ronakstarboy,183,14-05-2022
Deepaktufan,70,07-02-2021
Ajaysingh_1,51,18-11-2022
Ankita_dust,288,31-12-2021
Saurabhlucifer,239,20-04-2021
Pritam1026,198,01-04-2021
Amit6545,139,02-01-2021
Ajaysingh_1,73,14-01-2021
Pritam1026,78,28-04-2021
Amit6545,189,23-06-2022
Deepaktufan,149,07-05-2022
Amit6545,180,24-04-2021
Renukaengg,206,30-01-2022
Amit6545,148,14-05-2021
Ronakstarboy,246,12-09-2021
Ajaysingh_1,110,13-09-2021
Juhipreet,213,31-08-2021
Renukaengg,230,05-05-2022
Ankita_dust,8,26-02-2021
Amit6545,55,20-09-2021
Ankita_dust,207,09-03-2022
Deepaktufan,4,09-06-2021
Juhipreet,89,18-12-2021
Ronakstarboy,208,05-05-2022
Renukaengg,244,25-08-2022
Saurabhlucifer,90,29-06-2021
Ronakstarboy,197,22-07-2021
Amit6545,144,28-04-2022
Deepaktufan,176,27-08-2021
Renukaengg,113,11-03-2021
Amit6545,297,07-09-2021
Juhipreet,158,27-02-2021
Ronakstarboy,102,14-09-2021
Juhipreet,296,12-05-2021
Ajaysingh_1,207,21-06-2022
Saurabhlucifer,203,11-07-2022
Ajaysingh_1,7,15-03-2022
Rahul8865,268,29-05-2021
Pritam1026,133,03-06-2022
Amit6545,154,30-07-2022
Rahul8865,24,04-01-2022
Juhipreet,241,26-11-2021
Ankita_dust,177,06-10-2021
Ankita_dust,70,31-10-2022
Saurabhlucifer,289,29-09-2022
Renukaengg,245,27-09-2021
Rahul8865,144,06-08-2021
Amit6545,171,05-10-2022
Renukaengg,60,11-03-2022
Rahul8865,204,09-10-2021
Saurabhlucifer,178,11-05-2022
Rahul8865,129,04-07-2022
Juhipreet,135,25-06-2022
Rahul8865,13,05-02-2021
Pritam1026,59,10-10-2022
Ajaysingh_1,210,22-09-2022
Juhipreet,59,05-05-2021
Juhipreet,294,25-07-2022
Amit6545,183,31-10-2022
Amit6545,5,20-08-2022
Ankita_dust,133,17-07-2021
Juhipreet,90,07-07-2022
Ankita_dust,73,04-07-2021
Ajaysingh_1,281,28-05-2022
Ankita_dust,5,24-07-2022
Ronakstarboy,5,06-10-2021
Pritam1026,214,12-11-2022
Deepaktufan,255,26-11-2021
Ajaysingh_1,52,31-07-2022
Saurabhlucifer,186,24-11-2022
Juhipreet,56,27-07-2022
Ronakstarboy,162,24-07-2021
Pritam1026,145,09-02-2022
Ankita_dust,148,18-09-2022
Juhipreet,173,04-09-2021
Ronakstarboy,195,14-10-2022
Amit6545,161,29-08-2022
Ronakstarboy,75,03-05-2021
Amit6545,70,31-05-2022
Renukaengg,31,27-02-2022
Renukaengg,244,24-03-2022
Ajaysingh_1,52,11-09-2022
Juhipreet,57,06-12-2021
Renukaengg,205,05-10-2021
Ankita_dust,229,17-09-2021
Ankita_dust,51,02-12-2022
Saurabhlucifer,16,29-11-2022
Ajaysingh_1,104,02-04-2022
Rahul8865,110,24-01-2022
Amit6545,82,22-08-2022
Ronakstarboy,31,31-07-2022
Deepaktufan,145,18-05-2022
Ajaysingh_1,12,03-04-2022
Ronakstarboy,162,31-05-2021
Juhipreet,122,02-12-2022
Ajaysingh_1,80,20-10-2021
Rahul8865,147,05-11-2022
Saurabhlucifer,60,19-06-2021
Pritam1026,21,27-10-2021
Saurabhlucifer,83,26-06-2022
Pritam1026,153,17-03-2021
Juhipreet,170,25-08-2021
Ronakstarboy,58,18-02-2022
Ankita_dust,19,05-05-2022
Ajaysingh_1,72,25-11-2022
Deepaktufan,253,10-01-2022
Ajaysingh_1,226,30-11-2021
Rahul8865,110,09-01-2022
Deepaktufan,195,24-01-2021
Amit6545,122,05-05-2021
Deepaktufan,236,13-05-2021
Ankita_dust,220,01-11-2021
Renukaengg,277,07-06-2022
Renukaengg,100,07-10-2022
Renukaengg,143,11-10-2022
Saurabhlucifer,80,23-06-2021
Saurabhlucifer,269,02-02-2022
Saurabhlucifer,262,02-10-2021
Saurabhlucifer,41,28-01-2021
Ronakstarboy,242,18-09-2021
Pritam1026,6,18-09-2021
Amit6545,272,07-08-2021
Rahul8865,70,14-05-2022
Pritam1026,86,10-10-2021
Rahul8865,130,11-12-2021
Pritam1026,199,02-03-2021
Pritam1026,159,22-01-2021
Saurabhlucifer,70,16-09-2022
Deepaktufan,215,04-10-2022
Ronakstarboy,254,30-09-2021
Ankita_dust,76,30-05-2021
Deepaktufan,35,18-05-2022
Ronakstarboy,247,09-10-2022
Rahul8865,146,16-08-2022
Ajaysingh_1,296,21-03-2021
Ajaysingh_1,175,03-07-2022
Ajaysingh_1,141,28-01-2022
Rahul8865,212,16-01-2022
Juhipreet,180,18-03-2021
Ajaysingh_1,179,15-04-2022
Saurabhlucifer,18,18-09-2021
Pritam1026,162,29-11-2022
Amit6545,139,07-10-2022
Pritam1026,146,08-08-2022
Amit6545,195,21-07-2021
Ronakstarboy,187,15-06-2021
Pritam1026,260,09-07-2022
Saurabhlucifer,262,08-11-2021
Saurabhlucifer,72,08-09-2021
Pritam1026,43,29-01-2021
Juhipreet,201,12-09-2021
Rahul8865,282,01-09-2022
Ronakstarboy,9,17-03-2021
Deepaktufan,284,03-02-2022
Amit6545,153,23-07-2021
Ankita_dust,87,21-09-2022
Ankita_dust,141,02-08-2021
Saurabhlucifer,26,10-08-2022
Ronakstarboy,265,28-09-2022
Saurabhlucifer,20,28-06-2022
Saurabhlucifer,47,28-06-2021
Juhipreet,288,26-05-2022
Ronakstarboy,212,08-09-2022
Pritam1026,135,23-06-2021
Renukaengg,98,31-10-2021
Rahul8865,118,16-04-2021
Amit6545,186,09-10-2022
Pritam1026,12,21-03-2021
Amit6545,172,12-08-2021
Renukaengg,145,31-01-2021
Saurabhlucifer,128,01-05-2022
Juhipreet,144,09-01-2021
Amit6545,3,29-03-2021
Saurabhlucifer,145,29-05-2022
Saurabhlucifer,106,21-01-2022
Renukaengg,295,04-09-2022
Ajaysingh_1,8,20-10-2022
Renukaengg,243,05-01-2022
Renukaengg,32,17-09-2022
Pritam1026,126,26-04-2021
Saurabhlucifer,14,03-10-2022
Rahul8865,212,20-09-2022
Ankita_dust,257,02-11-2022
Ankita_dust,194,24-04-2021
Amit6545,266,06-08-2022
Saurabhlucifer,13,06-01-2021
Deepaktufan,282,02-02-2022
Amit6545,151,25-04-2021
Ajaysingh_1,121,28-07-2021
Deepaktufan,39,23-08-2021
Juhipreet,232,26-12-2021
Saurabhlucifer,146,24-02-2022
Amit6545,287,08-10-2021
Pritam1026,44,30-03-2021
Ronakstarboy,195,01-11-2021
Rahul8865,197,02-11-2022
Rahul8865,227,10-06-2022
Ankita_dust,292,17-04-2021
Juhipreet,216,04-11-2022
Juhipreet,267,23-04-2021
Saurabhlucifer,23,25-01-2022
Deepaktufan,265,03-12-2021
Pritam1026,112,10-02-2022
Amit6545,57,10-06-2022
Saurabhlucifer,246,03-05-2022
Ajaysingh_1,273,10-08-2021
Renukaengg,211,17-05-2022
Saurabhlucifer,14,31-03-2022
Rahul8865,132,26-10-2022
Deepaktufan,214,12-03-2021
Renukaengg,248,03-04-2022
Deepaktufan,261,07-09-2021
Renukaengg,63,31-07-2022
Juhipreet,264,11-03-2022
Renukaengg,176,27-06-2022
Ankita_dust,188,08-07-2022
Amit6545,94,06-11-2022
Ankita_dust,48,17-03-2021
Juhipreet,190,26-11-2022
Ronakstarboy,244,03-05-2022
Deepaktufan,66,27-07-2021
Rahul8865,38,10-01-2022
Juhipreet,62,25-08-2022
Renukaengg,131,04-07-2022
Ajaysingh_1,113,15-01-2022
Saurabhlucifer,181,22-07-2022
Juhipreet,130,29-07-2022
Deepaktufan,165,26-04-2022
Renukaengg,252,30-10-2021
Saurabhlucifer,82,29-06-2021
Ronakstarboy,94,24-02-2021
Rahul8865,72,26-06-2021
Ronakstarboy,82,19-08-2022
Rahul8865,83,31-10-2022
Deepaktufan,177,22-02-2021
Rahul8865,31,05-07-2022
Ajaysingh_1,237,13-08-2022
Renukaengg,222,24-08-2022
Amit6545,151,01-09-2022
Pritam1026,240,08-11-2021
Ajaysingh_1,186,12-07-2021
Rahul8865,167,28-05-2021
Saurabhlucifer,241,27-10-2021
Renukaengg,77,30-01-2021
Renukaengg,7,30-05-2022
Pritam1026,104,28-10-2022
Amit6545,202,01-11-2022
Amit6545,18,09-04-2021
Deepaktufan,253,21-01-2021
Juhipreet,9,29-08-2021
Amit6545,77,22-01-2022
Amit6545,78,01-02-2021
Renukaengg,24,02-11-2021
Pritam1026,246,21-01-2021
Ajaysingh_1,255,04-03-2022
Juhipreet,38,07-07-2022
Renukaengg,207,05-11-2021
Deepaktufan,165,18-02-2022
Ankita_dust,65,25-01-2022
Ajaysingh_1,141,06-05-2022
Amit6545,248,28-10-2021
Ajaysingh_1,199,10-04-2021
Ronakstarboy,122,17-06-2022
Deepaktufan,249,09-09-2022
Ronakstarboy,278,27-06-2021
Ankita_dust,119,02-07-2022
Ajaysingh_1,128,30-05-2021
Juhipreet,246,25-06-2022
Deepaktufan,251,02-03-2021
Saurabhlucifer,193,13-02-2021
Renukaengg,275,13-09-2022
Saurabhlucifer,120,01-05-2022
Renukaengg,239,27-10-2021
Amit6545,204,09-06-2022
Amit6545,96,09-08-2021
Juhipreet,131,31-08-2021
Rahul8865,253,25-05-2022
Deepaktufan,179,18-02-2021
Saurabhlucifer,9,01-09-2022
Rahul8865,259,09-09-2022
Ankita_dust,18,27-11-2022
Juhipreet,269,03-04-2022
Rahul8865,216,31-05-2022
Ronakstarboy,106,03-04-2021
Pritam1026,246,01-12-2022
Pritam1026,177,10-02-2022
Ajaysingh_1,95,02-02-2021
Pritam1026,54,18-01-2021
Deepaktufan,167,26-06-2021
Renukaengg,94,06-05-2021
Amit6545,197,03-02-2022
Saurabhlucifer,7,07-07-2022
Rahul8865,219,29-11-2022
Pritam1026,112,22-12-2021
Deepaktufan,42,12-07-2022
Ajaysingh_1,231,05-02-2022
Saurabhlucifer,28,30-10-2022
Saurabhlucifer,105,14-05-2021
Rahul8865,194,06-09-2022
Amit6545,9,18-05-2021
Saurabhlucifer,169,21-07-2021
Renukaengg,118,25-09-2022
Deepaktufan,145,01-06-2021
Ajaysingh_1,164,18-08-2022
Amit6545,187,03-12-2021
Rahul8865,82,24-02-2021
Renukaengg,90,27-07-2022
Ankita_dust,112,16-04-2022
Amit6545,25,16-03-2021
Amit6545,117,02-07-2022
Renukaengg,156,24-03-2021
Pritam1026,36,01-08-2022
Pritam1026,175,06-12-2021
Rahul8865,45,03-08-2022
Amit6545,215,10-01-2022
Juhipreet,248,08-01-2022
Rahul8865,184,16-04-2022
Renukaengg,148,12-08-2022
Amit6545,29,30-01-2022
Ajaysingh_1,180,02-09-2021
Saurabhlucifer,289,28-08-2022
Juhipreet,78,15-09-2021
Ankita_dust,297,22-07-2021
Ajaysingh_1,160,10-05-2022
Saurabhlucifer,70,01-06-2021
Saurabhlucifer,79,20-02-2021
Saurabhlucifer,274,01-03-2021
Renukaengg,215,26-06-2022
Saurabhlucifer,75,05-11-2022
Ronakstarboy,153,13-07-2021
Deepaktufan,72,03-11-2021
Renukaengg,112,23-06-2021
Deepaktufan,283,08-03-2022
Rahul8865,279,11-03-2022
Deepaktufan,267,13-11-2021
Renukaengg,67,28-02-2021
Rahul8865,207,23-07-2021
Deepaktufan,113,22-06-2021
Amit6545,275,10-05-2022
Rahul8865,225,01-06-2022
Saurabhlucifer,236,29-01-2022
Deepaktufan,289,22-04-2021
Rahul8865,266,20-12-2021
Ronakstarboy,80,12-03-2022
Renukaengg,215,08-12-2021
Juhipreet,81,29-06-2021
Ankita_dust,33,06-03-2021
Juhipreet,114,12-01-2022
Amit6545,25,14-02-2021
Ajaysingh_1,76,13-04-2021
Pritam1026,166,05-01-2021
Ajaysingh_1,239,04-04-2021
Saurabhlucifer,9,29-05-2021
Pritam1026,237,03-02-2022
Deepaktufan,140,21-10-2021
Renukaengg,7,21-04-2022
Ajaysingh_1,259,29-09-2021
Ajaysingh_1,75,05-08-2021
Rahul8865,199,11-06-2021
Deepaktufan,211,20-03-2022
Amit6545,236,26-09-2021
Saurabhlucifer,162,11-11-2022
Ankita_dust,144,27-06-2021
Juhipreet,258,23-11-2022
Amit6545,37,01-06-2022
Ajaysingh_1,14,27-09-2021
Pritam1026,6,10-04-2022
Ajaysingh_1,42,19-02-2021
Pritam1026,133,22-01-2021
Saurabhlucifer,68,25-03-2022
Pritam1026,120,02-03-2022
Deepaktufan,123,17-06-2021
Pritam1026,294,05-02-2022
Renukaengg,50,07-07-2021
Pritam1026,79,31-03-2022
Pritam1026,85,16-07-2022
Saurabhlucifer,107,31-07-2021
Pritam1026,82,07-08-2021
Ronakstarboy,167,25-07-2021
Rahul8865,236,11-01-2022
Deepaktufan,108,28-04-2021
Rahul8865,287,28-04-2021
Juhipreet,94,21-01-2021
Ronakstarboy,110,13-01-2022
Renukaengg,151,09-01-2022
Ankita_dust,28,29-11-2021
Rahul8865,138,09-11-2022
Amit6545,14,28-06-2022
Juhipreet,58,15-03-2022
Amit6545,151,06-09-2022
Ankita_dust,182,19-10-2022
Amit6545,183,20-10-2021
Ajaysingh_1,238,26-04-2021
Juhipreet,183,19-02-2022
Saurabhlucifer,213,23-12-2021
Renukaengg,167,13-09-2022
Pritam1026,265,18-01-2022
Saurabhlucifer,62,27-09-2021
Saurabhlucifer,272,20-02-2021
Pritam1026,124,05-09-2021
Ronakstarboy,57,09-05-2022
Juhipreet,180,19-02-2022
Pritam1026,263,26-09-2021
Ajaysingh_1,195,10-03-2021
Saurabhlucifer,244,05-03-2022
Juhipreet,239,13-06-2021
Rahul8865,202,06-06-2022
Rahul8865,219,02-11-2022
Renukaengg,259,17-04-2022
Juhipreet,193,30-05-2021
Saurabhlucifer,269,28-09-2022
Ronakstarboy,216,04-08-2022
Juhipreet,15,20-03-2022
Saurabhlucifer,2,24-01-2021
Saurabhlucifer,122,23-02-2021
Renukaengg,255,21-04-2022
Amit6545,293,23-05-2022
Ankita_dust,94,31-03-2021
Amit6545,42,27-07-2021
Amit6545,87,25-11-2022
Ankita_dust,29,23-04-2021
Ankita_dust,148,07-12-2021
Saurabhlucifer,19,03-08-2022
Renukaengg,135,03-08-2021
Deepaktufan,265,16-03-2022
Saurabhlucifer,212,18-11-2021
Pritam1026,128,13-11-2021
Ronakstarboy,144,07-12-2021
Deepaktufan,137,10-02-2022
Renukaengg,60,09-11-2022
Ronakstarboy,105,29-08-2021
Pritam1026,53,05-01-2021
Pritam1026,243,16-10-2021
Pritam1026,72,24-09-2021
Amit6545,10,21-10-2022
Renukaengg,46,12-10-2022
Pritam1026,234,14-01-2022
Rahul8865,77,14-09-2021
Ajaysingh_1,132,24-03-2021
Saurabhlucifer,180,04-03-2022
Ankita_dust,223,21-05-2022
Rahul8865,74,03-04-2022
Rahul8865,122,04-12-2021
Renukaengg,273,26-02-2021
Juhipreet,180,23-09-2022
Saurabhlucifer,178,05-09-2021
Deepaktufan,277,10-10-2022
Pritam1026,188,09-08-2021
Juhipreet,260,10-08-2021
Deepaktufan,209,11-10-2021
Ajaysingh_1,286,25-02-2022
Saurabhlucifer,26,20-03-2022
Ronakstarboy,239,24-03-2022
Deepaktufan,258,06-09-2021
Pritam1026,148,16-01-2021
Ronakstarboy,206,11-11-2021
Ajaysingh_1,272,07-01-2022
Juhipreet,67,03-03-2022
Ajaysingh_1,84,19-07-2021
Rahul8865,281,28-06-2022
Saurabhlucifer,224,11-10-2022
Amit6545,65,27-06-2022
Saurabhlucifer,25,08-10-2022
Juhipreet,218,12-01-2021
Amit6545,87,24-09-2021
Ronakstarboy,57,01-07-2022
Deepaktufan,168,14-07-2022
Rahul8865,13,24-10-2022
Renukaengg,72,20-08-2021
Amit6545,223,03-05-2021
Renukaengg,102,01-04-2021
Deepaktufan,7,29-10-2021
Deepaktufan,250,16-08-2022
Renukaengg,169,13-09-2021
Ronakstarboy,65,09-01-2021
Renukaengg,7,26-02-2022
Rahul8865,249,06-09-2021
Rahul8865,249,21-06-2021
Juhipreet,79,08-08-2021
Pritam1026,221,01-08-2021
Amit6545,176,02-11-2022
Saurabhlucifer,71,22-06-2021
Pritam1026,54,24-09-2021
Juhipreet,155,02-12-2021
Amit6545,215,29-07-2021
Rahul8865,183,14-10-2021
Amit6545,22,27-07-2022
Renukaengg,104,20-04-2022
Ronakstarboy,222,25-07-2021
Juhipreet,29,11-10-2021
Saurabhlucifer,71,21-06-2022
Ajaysingh_1,276,02-06-2021
Saurabhlucifer,218,10-05-2022
Rahul8865,176,27-10-2021
Renukaengg,223,26-06-2021
Ajaysingh_1,187,17-06-2021
Ronakstarboy,67,26-07-2021
Juhipreet,245,05-08-2021
Renukaengg,55,13-12-2021
Deepaktufan,158,22-12-2021
Ajaysingh_1,258,24-08-2021
Rahul8865,252,24-02-2022
Pritam1026,257,24-09-2022
Ankita_dust,207,22-06-2022
Renukaengg,222,26-09-2021
Saurabhlucifer,225,13-11-2022
Pritam1026,26,13-07-2022
Ajaysingh_1,261,24-04-2022
Ankita_dust,144,25-02-2021
Renukaengg,191,20-02-2021
Amit6545,200,02-10-2022
Rahul8865,231,08-05-2022
Pritam1026,138,04-11-2021
Ronakstarboy,207,17-01-2021
Saurabhlucifer,148,27-11-2022
Pritam1026,194,04-05-2021
Ankita_dust,4,08-03-2021
Pritam1026,278,21-07-2022
Amit6545,218,28-03-2022
Ajaysingh_1,146,12-07-2022
Juhipreet,186,07-09-2022
Rahul8865,297,13-07-2021
Amit6545,211,09-09-2021
Rahul8865,232,01-07-2021
Ankita_dust,85,15-09-2022
Saurabhlucifer,20,21-06-2022
Rahul8865,278,28-01-2021
Ajaysingh_1,122,11-03-2022
Saurabhlucifer,159,15-03-2022
Renukaengg,276,25-06-2022
Ankita_dust,105,21-06-2021
Saurabhlucifer,148,19-06-2022
Renukaengg,84,11-03-2021
Renukaengg,71,09-05-2021
Renukaengg,171,15-01-2022
Amit6545,263,26-09-2022
Juhipreet,252,25-07-2021
Renukaengg,212,23-12-2021
Amit6545,120,26-05-2021
Deepaktufan,185,09-08-2021
Amit6545,240,15-08-2022
Renukaengg,25,20-07-2021
Saurabhlucifer,175,18-09-2022
Juhipreet,239,21-03-2021
Renukaengg,45,24-11-2021
Deepaktufan,243,18-06-2022
Deepaktufan,242,17-04-2022
Renukaengg,237,18-04-2022
Saurabhlucifer,176,24-03-2021
Saurabhlucifer,28,07-10-2022
Renukaengg,234,02-11-2021
Amit6545,139,22-04-2022
Rahul8865,3,24-04-2021
Ankita_dust,276,30-06-2021
Juhipreet,86,27-07-2022
Renukaengg,113,11-07-2021
Pritam1026,207,16-06-2021
Ajaysingh_1,268,07-05-2021
Amit6545,18,31-10-2022
Renukaengg,69,19-04-2021
Ajaysingh_1,155,04-08-2022
Juhipreet,226,19-03-2021
Renukaengg,63,27-05-2021
Ajaysingh_1,177,15-03-2021
Deepaktufan,40,10-11-2021
Ronakstarboy,138,13-10-2021
Saurabhlucifer,230,18-04-2022
Amit6545,173,01-11-2022
Deepaktufan,197,24-02-2022
Deepaktufan,13,19-01-2022
Ankita_dust,45,15-09-2022
Ronakstarboy,179,15-05-2022
Deepaktufan,53,02-01-2021
Ankita_dust,158,05-01-2021
Renukaengg,19,13-12-2021
Rahul8865,186,23-07-2022
Amit6545,71,06-03-2022
Pritam1026,172,15-11-2022
Juhipreet,43,05-05-2021
Saurabhlucifer,168,13-12-2021
Saurabhlucifer,228,14-03-2022
Ronakstarboy,179,20-09-2022
Deepaktufan,95,29-03-2021
Juhipreet,207,17-08-2022
Ajaysingh_1,102,26-03-2021
Saurabhlucifer,179,06-06-2022
Saurabhlucifer,167,03-09-2022
Juhipreet,101,14-01-2021
Ankita_dust,274,21-03-2021
Ankita_dust,178,26-01-2021
Juhipreet,218,12-04-2022
Saurabhlucifer,231,11-09-2022
Pritam1026,199,02-01-2022
Pritam1026,183,23-10-2021
Amit6545,151,12-01-2021
Ronakstarboy,273,03-10-2021
Saurabhlucifer,243,09-12-2021
Amit6545,172,03-03-2022
Saurabhlucifer,16,01-04-2022
Amit6545,207,23-11-2022
Saurabhlucifer,292,15-05-2022
Juhipreet,259,15-03-2021
Ajaysingh_1,134,25-01-2021
Pritam1026,73,19-04-2021
Renukaengg,58,27-12-2021
Juhipreet,103,20-09-2021
Pritam1026,122,25-08-2021
Saurabhlucifer,114,07-05-2021
Ronakstarboy,278,13-05-2021
Ronakstarboy,118,29-03-2021
Amit6545,154,29-03-2022
Juhipreet,9,09-03-2021
Ronakstarboy,62,22-03-2021
Amit6545,222,30-10-2021
Juhipreet,178,13-02-2022
Saurabhlucifer,2,01-07-2022
Pritam1026,182,25-03-2022
Pritam1026,150,17-10-2021
Ronakstarboy,262,27-01-2022
Rahul8865,118,24-03-2021
Rahul8865,139,12-07-2021
Rahul8865,79,22-02-2021
Rahul8865,55,24-07-2021
Ankita_dust,294,28-05-2021
Ronakstarboy,59,05-07-2021
Ronakstarboy,163,30-06-2022
Pritam1026,244,14-04-2021
Pritam1026,300,04-07-2022
Juhipreet,215,28-07-2021
Rahul8865,282,10-08-2021
Amit6545,75,04-09-2021
Ankita_dust,267,29-08-2022
Pritam1026,117,25-10-2021
Saurabhlucifer,261,18-05-2021
Pritam1026,98,28-10-2021
Amit6545,127,26-10-2022
Ronakstarboy,296,01-08-2022
Ajaysingh_1,261,07-08-2022
Amit6545,175,22-02-2021
Pritam1026,246,18-08-2021
Ronakstarboy,185,18-02-2021
Ronakstarboy,68,12-07-2022
Deepaktufan,131,14-05-2021
Ankita_dust,91,21-05-2022
Pritam1026,86,01-05-2021
Ankita_dust,212,22-01-2022
Saurabhlucifer,272,07-01-2021
Amit6545,71,24-12-2021
Deepaktufan,67,25-06-2021
Amit6545,236,16-04-2021
Juhipreet,90,18-03-2021
Renukaengg,298,05-06-2022
Deepaktufan,180,30-10-2022
Amit6545,222,05-01-2021
Deepaktufan,247,25-11-2021
Ankita_dust,69,05-09-2021
Juhipreet,175,14-04-2021
Ronakstarboy,277,25-04-2022
Ajaysingh_1,84,14-01-2021
Deepaktufan,210,29-12-2021
Rahul8865,32,15-03-2022
Ajaysingh_1,267,12-11-2021
Juhipreet,21,30-01-2021
Rahul8865,159,02-03-2021
Rahul8865,72,25-07-2021
Saurabhlucifer,173,14-02-2021
Rahul8865,41,02-10-2021
Rahul8865,69,14-05-2022
Juhipreet,21,18-09-2022
Renukaengg,185,18-01-2022
Deepaktufan,231,07-08-2021
Rahul8865,230,17-10-2022
Rahul8865,171,11-05-2022
Ajaysingh_1,116,13-04-2021
Ronakstarboy,162,04-06-2022
Amit6545,295,18-06-2022
Ronakstarboy,39,01-07-2022
Saurabhlucifer,210,09-02-2022
Amit6545,180,20-02-2021
Ankita_dust,1,17-04-2021
Pritam1026,172,07-06-2021
Ajaysingh_1,2,25-08-2021
Ankita_dust,281,04-06-2022
Saurabhlucifer,147,24-04-2021
Pritam1026,40,28-10-2021
Amit6545,224,06-08-2021
Ronakstarboy,179,06-10-2021
Pritam1026,34,19-01-2022
Rahul8865,286,22-04-2022
Ronakstarboy,17,31-03-2022
Ajaysingh_1,43,30-06-2021
Amit6545,95,27-09-2022
Renukaengg,10,26-06-2022
Amit6545,57,06-03-2022
Ronakstarboy,97,12-04-2022
Pritam1026,6,09-11-2021
Amit6545,279,20-04-2022
Renukaengg,74,02-10-2021
Pritam1026,186,20-09-2022
Pritam1026,68,15-05-2022
Renukaengg,81,29-01-2021
Renukaengg,131,17-03-2022
Saurabhlucifer,130,15-01-2022
Rahul8865,5,03-10-2022
Rahul8865,133,13-05-2022
Rahul8865,156,05-09-2021
Saurabhlucifer,263,03-05-2022
Deepaktufan,59,08-02-2022
Amit6545,74,05-04-2021
Renukaengg,138,19-03-2022
Pritam1026,29,06-05-2022
Saurabhlucifer,246,07-09-2021
Pritam1026,130,21-06-2021
Renukaengg,265,03-01-2021
Deepaktufan,7,24-04-2022
Rahul8865,249,08-12-2021
Ronakstarboy,79,16-07-2022
Ankita_dust,211,23-05-2022
Juhipreet,171,14-01-2022
Rahul8865,249,28-07-2022
Ankita_dust,225,19-12-2021
Juhipreet,143,09-06-2022
Rahul8865,188,07-02-2021
Rahul8865,142,06-11-2022
Ajaysingh_1,196,12-07-2022
Ankita_dust,198,20-08-2021
Pritam1026,256,03-04-2021
Saurabhlucifer,204,03-11-2022
Pritam1026,214,08-02-2021
Ajaysingh_1,249,03-04-2021
Ankita_dust,141,12-07-2022
Saurabhlucifer,272,14-06-2021
Renukaengg,193,28-11-2021
Saurabhlucifer,155,09-09-2022
Ankita_dust,86,13-08-2021
Saurabhlucifer,12,05-01-2021
Renukaengg,24,02-06-2022
Rahul8865,37,21-02-2021
Juhipreet,257,08-11-2021
Deepaktufan,183,16-09-2021
Juhipreet,89,10-04-2021
Ronakstarboy,20,18-03-2022
Ronakstarboy,21,26-06-2022
Amit6545,225,12-03-2022
Pritam1026,210,21-09-2021
Deepaktufan,38,22-12-2021
Amit6545,228,24-10-2021
Ankita_dust,273,15-08-2021
Saurabhlucifer,280,26-04-2022
Juhipreet,71,14-12-2021
Deepaktufan,21,02-04-2022
Pritam1026,149,20-06-2021
Juhipreet,136,13-08-2021
Saurabhlucifer,64,20-09-2022
Pritam1026,139,02-03-2021
Saurabhlucifer,142,12-10-2021
Ajaysingh_1,294,29-09-2022
Deepaktufan,211,28-04-2021
Amit6545,143,15-07-2022
Ankita_dust,134,20-06-2022
Ankita_dust,187,11-09-2021
Amit6545,165,10-08-2022
Juhipreet,209,25-01-2022
Amit6545,82,04-06-2021
Ankita_dust,272,15-04-2021
Ronakstarboy,156,12-08-2022
Saurabhlucifer,231,01-04-2021
Amit6545,160,19-09-2022
Ankita_dust,275,29-07-2022
Amit6545,10,19-11-2022
Juhipreet,108,20-07-2021
Deepaktufan,82,17-12-2021
Saurabhlucifer,249,19-12-2021
Ronakstarboy,64,11-09-2021
Amit6545,222,05-09-2022
Ankita_dust,141,19-06-2021
Pritam1026,126,19-01-2022
Saurabhlucifer,124,10-03-2022
Renukaengg,130,25-10-2022
Ajaysingh_1,137,27-07-2022
Ajaysingh_1,145,22-02-2022
Rahul8865,299,02-11-2022
Amit6545,32,22-07-2021
Deepaktufan,69,18-02-2022
Amit6545,127,25-06-2021
Renukaengg,37,16-11-2022
Amit6545,49,10-02-2021
Renukaengg,123,01-07-2022
Ajaysingh_1,102,07-11-2021
Pritam1026,248,25-01-2021
Ankita_dust,118,18-01-2021
Renukaengg,290,25-04-2021
Juhipreet,249,05-11-2022
Ankita_dust,245,23-06-2022
Ajaysingh_1,295,18-01-2022
Renukaengg,22,11-10-2021
Rahul8865,31,22-11-2021
Juhipreet,275,10-04-2022
Pritam1026,91,01-06-2022
Saurabhlucifer,9,10-04-2022
Ankita_dust,128,23-04-2021
Juhipreet,120,09-05-2022
Ronakstarboy,280,03-12-2022
Renukaengg,88,22-07-2021
Pritam1026,44,07-03-2022
Ajaysingh_1,265,06-02-2021
Ronakstarboy,237,11-10-2021
Ankita_dust,188,26-05-2022
Pritam1026,231,23-06-2021
Rahul8865,76,05-07-2021
Renukaengg,33,21-05-2021
Saurabhlucifer,207,12-11-2022
Ajaysingh_1,296,03-02-2022
Renukaengg,11,10-05-2022
Ajaysingh_1,200,29-07-2022
Amit6545,74,31-07-2021
Ajaysingh_1,298,28-09-2022
Deepaktufan,296,30-05-2022
Rahul8865,72,22-11-2022
Ankita_dust,241,25-08-2022
Deepaktufan,217,02-02-2022
Ronakstarboy,51,06-05-2022
Saurabhlucifer,106,22-08-2021
Deepaktufan,124,21-07-2021
Rahul8865,298,03-11-2021
Amit6545,53,08-01-2022
Saurabhlucifer,224,14-12-2021
Amit6545,166,16-06-2022
Deepaktufan,31,15-12-2021
Saurabhlucifer,271,28-09-2021
Amit6545,238,24-09-2021
Ajaysingh_1,175,19-03-2021
Amit6545,217,13-11-2021
Pritam1026,153,15-05-2021
Rahul8865,80,05-09-2022
Ankita_dust,92,20-08-2022
Ronakstarboy,254,16-10-2021
Ajaysingh_1,177,16-12-2021
Juhipreet,161,15-06-2022
Ronakstarboy,96,07-03-2022
Ankita_dust,174,17-07-2022
Renukaengg,11,19-01-2022
Ajaysingh_1,209,30-01-2022
Renukaengg,62,06-05-2022
Rahul8865,72,22-10-2022
Ajaysingh_1,124,09-09-2021
Ronakstarboy,282,05-05-2021
Ronakstarboy,165,29-07-2021
Amit6545,249,21-09-2022
Juhipreet,269,08-07-2022
Pritam1026,178,07-02-2022
Ajaysingh_1,298,15-09-2022
Saurabhlucifer,140,05-02-2021
Pritam1026,242,25-09-2022
Ajaysingh_1,159,30-07-2022
Pritam1026,89,16-04-2021
Ajaysingh_1,181,24-03-2021
Ronakstarboy,102,25-03-2022
Ronakstarboy,165,27-11-2021
Ajaysingh_1,242,07-11-2022
Ankita_dust,22,02-03-2021
Pritam1026,199,06-01-2021
Amit6545,114,26-12-2021
Saurabhlucifer,31,28-11-2021
Deepaktufan,258,23-01-2021
Ronakstarboy,112,24-09-2021
Renukaengg,266,06-08-2021
Juhipreet,60,04-12-2022
Ronakstarboy,114,11-01-2021
Saurabhlucifer,55,21-01-2021
Saurabhlucifer,165,01-08-2021
Renukaengg,123,10-09-2021
Ankita_dust,89,24-05-2022
Deepaktufan,52,22-11-2021
Ajaysingh_1,99,21-07-2021
Renukaengg,73,02-06-2021
Saurabhlucifer,224,12-06-2022
Ajaysingh_1,48,18-09-2022
Juhipreet,115,05-04-2022
Ajaysingh_1,299,26-09-2022
Ankita_dust,58,24-12-2021
Pritam1026,109,11-04-2022
Ronakstarboy,177,04-07-2022
Renukaengg,273,18-05-2021
Ankita_dust,82,28-05-2022
Ajaysingh_1,9,27-03-2022
Amit6545,292,08-03-2022
Juhipreet,274,04-07-2022
Saurabhlucifer,279,13-01-2021
Juhipreet,148,18-02-2021
Juhipreet,204,21-07-2022
Ajaysingh_1,99,15-05-2021
Ajaysingh_1,234,27-09-2021
Amit6545,132,26-06-2022
Amit6545,120,14-05-2021
Ajaysingh_1,210,19-10-2022
Ankita_dust,82,02-04-2022
Saurabhlucifer,90,19-08-2022
Renukaengg,232,16-08-2021
Ajaysingh_1,53,05-11-2022
Saurabhlucifer,187,15-05-2022
Ankita_dust,71,08-01-2021
Ajaysingh_1,202,19-11-2021
Saurabhlucifer,99,01-05-2022
Amit6545,288,05-08-2022
Juhipreet,290,10-02-2021
Rahul8865,44,29-03-2022
Juhipreet,231,17-04-2022
Renukaengg,243,12-12-2021
Deepaktufan,182,01-02-2022
Amit6545,278,18-03-2021
Renukaengg,296,22-12-2021
Deepaktufan,213,19-01-2022
Ankita_dust,264,26-01-2022
Ajaysingh_1,112,04-07-2021
Ankita_dust,214,03-03-2022
Rahul8865,34,21-12-2021
Ronakstarboy,237,15-06-2022
Juhipreet,294,21-09-2021
Rahul8865,85,21-03-2021
Ronakstarboy,267,25-11-2022
Deepaktufan,21,28-03-2022
Deepaktufan,293,12-06-2022
Ronakstarboy,78,27-10-2022
Renukaengg,159,22-07-2021
Saurabhlucifer,234,26-04-2022
Juhipreet,100,27-02-2022
Deepaktufan,62,20-09-2022
Juhipreet,149,18-10-2021
Ajaysingh_1,295,29-03-2022
Saurabhlucifer,93,12-10-2022
Pritam1026,32,24-11-2022
Renukaengg,187,15-03-2022
Renukaengg,202,28-09-2021
Ronakstarboy,289,19-06-2021
Rahul8865,73,09-04-2022
Rahul8865,236,28-06-2022
Ajaysingh_1,81,18-08-2021
Ajaysingh_1,110,14-04-2022
Deepaktufan,257,07-09-2021
Renukaengg,259,16-04-2021
Ronakstarboy,186,27-08-2022
Rahul8865,93,03-10-2021
Ajaysingh_1,194,30-08-2021
Ajaysingh_1,25,25-10-2022
Ronakstarboy,26,04-01-2022
Amit6545,176,16-06-2021
Ajaysingh_1,151,20-10-2021
Ankita_dust,231,22-11-2022
Juhipreet,156,30-08-2022
Pritam1026,288,30-01-2022
Renukaengg,155,04-12-2022
Ronakstarboy,97,26-02-2022
Ronakstarboy,193,13-08-2021
Ajaysingh_1,15,26-03-2021
Deepaktufan,58,16-03-2021
Saurabhlucifer,258,09-01-2022
Saurabhlucifer,228,18-02-2021
Rahul8865,62,13-04-2021
Ankita_dust,89,08-02-2021
Ankita_dust,137,18-01-2022
Ajaysingh_1,120,29-04-2021
Renukaengg,118,31-12-2021
Ankita_dust,163,08-07-2022
Rahul8865,289,26-01-2021
Deepaktufan,160,22-09-2022
Saurabhlucifer,8,16-02-2021
Rahul8865,48,13-06-2022
Juhipreet,258,14-10-2022
Deepaktufan,17,17-02-2022
Ankita_dust,276,18-09-2021
Rahul8865,267,12-07-2021
Renukaengg,70,02-09-2022
Ankita_dust,74,24-01-2021
Pritam1026,20,04-06-2022
Juhipreet,268,13-03-2021
Ajaysingh_1,159,11-11-2021
Saurabhlucifer,204,10-10-2022
Saurabhlucifer,190,18-05-2022
Deepaktufan,108,21-06-2021
Ajaysingh_1,37,28-10-2021
Renukaengg,42,21-09-2021
Rahul8865,65,10-10-2021
Deepaktufan,243,22-03-2021
Saurabhlucifer,102,15-05-2021
Saurabhlucifer,291,27-09-2022
Deepaktufan,167,10-05-2021
Amit6545,274,03-06-2021
Renukaengg,154,23-07-2022
Renukaengg,286,02-01-2022
Juhipreet,87,15-09-2022
Ankita_dust,61,16-12-2021
Deepaktufan,98,08-09-2021
Ajaysingh_1,216,13-07-2021
Ronakstarboy,141,01-08-2022
Ajaysingh_1,13,24-09-2021
Saurabhlucifer,152,15-10-2021
Amit6545,2,02-06-2021
Rahul8865,262,07-03-2022
Juhipreet,204,21-09-2022
Juhipreet,295,31-05-2022
Ronakstarboy,206,29-03-2022
Pritam1026,134,02-11-2021
Renukaengg,116,07-02-2022
Ronakstarboy,298,02-11-2021
Renukaengg,104,01-08-2022
Ankita_dust,297,11-03-2022
Ajaysingh_1,247,08-10-2021
Ankita_dust,36,08-03-2021
Renukaengg,288,24-04-2022
Deepaktufan,112,14-01-2021
Amit6545,190,18-05-2022
Renukaengg,99,14-01-2021
Saurabhlucifer,106,25-12-2021
Deepaktufan,16,21-09-2021
Pritam1026,6,01-02-2021
Ankita_dust,165,22-06-2022
Juhipreet,109,05-05-2021
Saurabhlucifer,229,13-06-2022
Saurabhlucifer,57,16-09-2021
Deepaktufan,97,08-01-2021
Renukaengg,249,11-11-2021
Rahul8865,253,12-11-2022
Juhipreet,70,08-03-2022
Ronakstarboy,167,30-05-2022
Renukaengg,189,22-06-2022
Pritam1026,183,08-08-2022
Renukaengg,195,18-05-2022
Ajaysingh_1,109,06-05-2021
Deepaktufan,274,26-06-2021
Ankita_dust,166,04-09-2022
Pritam1026,192,18-07-2021
Saurabhlucifer,142,17-09-2022
Pritam1026,20,07-03-2021
Pritam1026,38,08-05-2022
Juhipreet,129,15-09-2022
Ankita_dust,242,14-07-2021
Deepaktufan,137,26-11-2021
Ankita_dust,151,24-10-2022
Pritam1026,101,29-10-2021
Pritam1026,263,31-01-2022
Renukaengg,90,14-02-2021
Saurabhlucifer,12,03-01-2021
Ankita_dust,28,11-11-2021
Ronakstarboy,226,26-09-2022
Pritam1026,148,18-03-2022
Ankita_dust,140,18-11-2021
Amit6545,93,03-08-2022
Rahul8865,255,04-05-2022
Juhipreet,236,27-07-2022
Deepaktufan,259,11-08-2021
Amit6545,135,04-08-2022
Pritam1026,39,03-10-2022
Ankita_dust,234,01-01-2021
Ronakstarboy,246,04-04-2021
Juhipreet,100,13-09-2022
Ronakstarboy,281,10-01-2022
Ronakstarboy,29,30-07-2021
Saurabhlucifer,142,12-01-2021
Pritam1026,207,15-08-2022
Ajaysingh_1,36,01-01-2022
Ajaysingh_1,169,03-12-2022
Deepaktufan,164,16-06-2021
Rahul8865,7,01-01-2021
Saurabhlucifer,43,15-07-2021
Ajaysingh_1,256,24-08-2022
Juhipreet,214,29-09-2022
Ajaysingh_1,213,28-11-2022
Renukaengg,202,20-12-2021
Pritam1026,105,23-06-2022
Deepaktufan,184,04-11-2022
Juhipreet,232,15-11-2021
Ronakstarboy,13,08-02-2022
Deepaktufan,16,23-07-2022
Juhipreet,211,28-10-2021
Pritam1026,212,17-05-2022
Juhipreet,253,27-05-2021
Deepaktufan,84,12-05-2021
Ankita_dust,222,31-01-2021
Ankita_dust,178,16-11-2021
Ajaysingh_1,31,15-11-2021
Saurabhlucifer,9,09-07-2022
Pritam1026,189,02-03-2022
Ronakstarboy,81,03-07-2021
Pritam1026,280,23-03-2022
Renukaengg,105,29-05-2021
Ronakstarboy,138,03-09-2021
Amit6545,168,08-08-2021
Saurabhlucifer,114,23-11-2022
Ajaysingh_1,110,03-06-2022
Juhipreet,81,27-08-2022
Ronakstarboy,71,08-05-2022
Ankita_dust,118,16-07-2021
Saurabhlucifer,290,26-05-2021
Amit6545,197,14-02-2021
Juhipreet,41,21-11-2021
Ronakstarboy,109,28-11-2022
Pritam1026,48,04-01-2022
Pritam1026,117,20-02-2021
Deepaktufan,45,19-12-2021
Pritam1026,247,01-09-2021
Deepaktufan,252,29-04-2022
Deepaktufan,107,23-02-2021
Amit6545,276,10-10-2022
Deepaktufan,224,08-10-2021
Renukaengg,191,27-08-2021
Juhipreet,16,05-08-2021
Amit6545,167,22-03-2021
Juhipreet,171,24-08-2022
Pritam1026,18,01-08-2022
Ankita_dust,24,01-12-2022
Renukaengg,200,03-06-2022
Renukaengg,272,07-11-2021
Rahul8865,37,05-06-2022
Juhipreet,196,10-08-2022
Ajaysingh_1,81,24-07-2021
Amit6545,51,26-06-2021
Ajaysingh_1,14,30-03-2021
Rahul8865,234,04-08-2022
Ronakstarboy,261,17-12-2021
Juhipreet,132,23-10-2021
Deepaktufan,47,24-02-2021
Ankita_dust,133,22-09-2022
Juhipreet,250,31-01-2022
Deepaktufan,14,07-07-2022
Ronakstarboy,256,24-02-2022
Ronakstarboy,135,07-12-2021
Renukaengg,30,05-07-2021
Pritam1026,242,21-10-2021
Juhipreet,188,11-09-2021
Renukaengg,219,12-04-2021
Juhipreet,49,24-12-2021
Ankita_dust,31,19-04-2021
Amit6545,43,22-05-2022
Amit6545,214,27-07-2021
Ankita_dust,141,20-03-2021
Renukaengg,68,25-03-2021
Rahul8865,91,26-10-2022
Pritam1026,273,16-03-2021
Saurabhlucifer,9,22-04-2022
Renukaengg,100,11-10-2021
Ronakstarboy,103,21-03-2022
Ajaysingh_1,282,31-07-2022
Ankita_dust,270,22-01-2021
Ajaysingh_1,91,19-01-2022
Ronakstarboy,182,08-10-2022
Ajaysingh_1,94,25-01-2022
Amit6545,18,24-08-2022
Saurabhlucifer,159,23-11-2022
Juhipreet,151,26-09-2022
Pritam1026,85,21-01-2022
Ajaysingh_1,273,11-12-2021
Rahul8865,296,25-05-2022
Renukaengg,38,16-05-2021
Juhipreet,268,25-02-2021
Amit6545,138,06-12-2021
Renukaengg,90,03-03-2022
Pritam1026,46,06-05-2021
Deepaktufan,80,11-03-2021
Rahul8865,198,05-02-2021
Saurabhlucifer,73,12-01-2022
Rahul8865,278,11-10-2021
Ankita_dust,112,10-01-2021
Saurabhlucifer,154,24-08-2022
Ajaysingh_1,179,07-06-2021
Juhipreet,145,21-10-2021
Pritam1026,131,10-02-2022
Saurabhlucifer,72,27-07-2021
Pritam1026,199,23-03-2021
Pritam1026,281,14-03-2022
Saurabhlucifer,263,04-06-2021
Deepaktufan,244,08-01-2022
Ankita_dust,78,05-01-2021
Renukaengg,248,24-05-2021
Pritam1026,30,03-12-2021
Saurabhlucifer,271,12-03-2022
Deepaktufan,201,03-11-2021
Deepaktufan,295,22-08-2022
Ronakstarboy,112,25-02-2022
Ajaysingh_1,214,11-02-2022
Ronakstarboy,37,02-06-2022
Deepaktufan,101,04-12-2022
Rahul8865,10,22-08-2022
Deepaktufan,154,29-08-2022
Saurabhlucifer,213,19-04-2022
Deepaktufan,57,27-10-2021
Ajaysingh_1,257,05-02-2022
Amit6545,168,31-10-2021
Ankita_dust,282,18-02-2022
Renukaengg,33,29-05-2022
Amit6545,169,18-08-2022
Ankita_dust,262,29-01-2022
Juhipreet,112,17-05-2021
Saurabhlucifer,115,27-10-2022
Rahul8865,298,08-09-2022
Juhipreet,75,24-08-2022
Juhipreet,17,28-07-2021
Renukaengg,219,30-09-2022
Amit6545,82,16-06-2022
Pritam1026,8,22-10-2022
Amit6545,1,20-05-2022
Pritam1026,27,10-02-2021
Renukaengg,152,03-07-2022
Ankita_dust,210,26-12-2021
Saurabhlucifer,186,04-07-2022
Saurabhlucifer,237,15-05-2021
Pritam1026,114,13-07-2022
Ankita_dust,123,21-12-2021
Renukaengg,72,29-10-2022
Renukaengg,233,22-02-2022
Rahul8865,228,25-09-2022
Ajaysingh_1,191,23-03-2022
Pritam1026,3,06-07-2021
Juhipreet,45,23-11-2022
Rahul8865,9,19-12-2021
Rahul8865,247,17-07-2021
Ajaysingh_1,68,11-09-2021
Juhipreet,25,13-11-2021
Ankita_dust,37,12-12-2021
Ajaysingh_1,107,31-01-2022
Rahul8865,4,05-06-2021
Ronakstarboy,272,12-05-2022
Juhipreet,241,02-10-2021
Ronakstarboy,114,16-10-2022
Ankita_dust,260,11-10-2022
Ronakstarboy,166,30-07-2022
Ronakstarboy,112,19-06-2022
Ankita_dust,101,07-01-2022
Pritam1026,244,14-09-2021
Ajaysingh_1,16,04-11-2022
Pritam1026,165,06-03-2021
Deepaktufan,172,10-09-2022
Juhipreet,151,20-03-2021
Renukaengg,27,10-07-2021
Ajaysingh_1,117,04-01-2021
Renukaengg,295,24-08-2022
Juhipreet,246,03-09-2022
Ajaysingh_1,90,14-10-2021
Ankita_dust,231,18-08-2022
Deepaktufan,24,27-03-2021
Amit6545,180,20-02-2022
Ronakstarboy,155,02-09-2022
Renukaengg,290,23-02-2022
Pritam1026,177,22-07-2021
Renukaengg,147,09-11-2022
Rahul8865,216,24-07-2021
Pritam1026,120,16-05-2021
Rahul8865,292,15-10-2022
Ankita_dust,97,14-08-2022
Deepaktufan,52,03-10-2022
Ronakstarboy,134,13-08-2022
Juhipreet,277,15-07-2022
Deepaktufan,95,14-03-2021
Renukaengg,54,05-04-2021
Deepaktufan,204,11-06-2021
Saurabhlucifer,183,03-09-2022
Ajaysingh_1,167,21-02-2021
Amit6545,67,17-07-2022
Deepaktufan,187,03-06-2022
Pritam1026,277,03-04-2022
Rahul8865,239,26-05-2022
Deepaktufan,275,24-05-2022
Ankita_dust,278,21-06-2022
Saurabhlucifer,123,01-12-2021
Ronakstarboy,12,03-12-2021
Renukaengg,6,21-11-2022
Deepaktufan,89,04-10-2022
Rahul8865,56,01-08-2022
Saurabhlucifer,295,08-12-2021
Ankita_dust,92,22-09-2022
Pritam1026,153,01-07-2022
Amit6545,103,20-05-2022
Ankita_dust,170,23-06-2022
Renukaengg,185,24-12-2021
Deepaktufan,123,19-08-2021
Juhipreet,298,03-04-2022
Ajaysingh_1,231,31-10-2022
Ronakstarboy,216,26-11-2021
Renukaengg,212,19-06-2021
Ankita_dust,208,20-12-2021
Ronakstarboy,49,24-09-2021
Ronakstarboy,119,26-03-2021
Pritam1026,64,01-02-2022
Saurabhlucifer,300,28-06-2021
Rahul8865,94,22-05-2022
Ronakstarboy,176,25-09-2021
Saurabhlucifer,51,05-02-2021
Saurabhlucifer,86,12-08-2021
Renukaengg,60,27-02-2022
Renukaengg,207,01-01-2021
Deepaktufan,300,27-09-2022
Juhipreet,87,27-11-2022
Ankita_dust,276,12-12-2021
Ajaysingh_1,170,04-11-2022
Amit6545,267,15-08-2021
Ankita_dust,197,20-09-2022
Ronakstarboy,257,04-09-2022
Ajaysingh_1,156,09-02-2021
Rahul8865,210,07-08-2022
Ankita_dust,232,02-05-2022
Amit6545,206,07-08-2022
Renukaengg,6,10-08-2021
Ronakstarboy,295,04-07-2022
Juhipreet,133,17-12-2021
Renukaengg,45,25-03-2021
Amit6545,30,16-11-2021
Deepaktufan,283,19-05-2022
Saurabhlucifer,212,03-02-2021
Ajaysingh_1,127,23-03-2021
Pritam1026,202,02-05-2022
Renukaengg,118,26-05-2022
Deepaktufan,122,17-10-2022
Ankita_dust,147,10-10-2021
Ajaysingh_1,245,24-08-2022
Deepaktufan,254,16-10-2022
Ajaysingh_1,146,02-10-2022
Amit6545,211,28-02-2021
Ronakstarboy,269,02-12-2021
Pritam1026,225,20-08-2021
Amit6545,222,20-04-2022
Saurabhlucifer,32,20-03-2021
Ronakstarboy,20,17-05-2022
Juhipreet,257,31-07-2022
Pritam1026,177,17-03-2021
Amit6545,255,14-02-2022
Renukaengg,89,18-03-2021
Rahul8865,186,19-04-2022
Ronakstarboy,99,15-10-2021
Saurabhlucifer,99,31-01-2022
Ankita_dust,267,22-06-2021
Ajaysingh_1,39,11-10-2021
Deepaktufan,274,10-01-2021
Amit6545,174,17-11-2022
Ankita_dust,180,30-05-2021
Pritam1026,123,02-10-2021
Ajaysingh_1,174,17-06-2022
Ankita_dust,6,05-08-2022
Saurabhlucifer,233,19-09-2022
